{"learning_rate":9.9999755727492e-05,"_runtime":1943.0164672,"avg_train_loss":0.27394714498911626,"_wandb":{"runtime":1943},"train_loss":0.13455991446971893,"val_loss":0.19317488372325897,"_step":4590,"epoch":0,"_timestamp":1.7486329187642624e+09}